kind,id,title,owner,status,source_map,test_map,visual_state,host_capability,release_evidence,notes
feature,N01,Unified workspace and visual tokens,"WP1,WP12",partial_candidate,flutter/lib/mobile/pages/connection_page.dart; flutter/lib/mobile/pages/home_page.dart; flutter/lib/mobile/widgets/mirpg_remote_theme.dart,flutter/test/home_page_shell_test.dart; flutter/test/mirpg_remote_theme_test.dart,computers;overview;components,Capability/permission/acknowledgment must be verified in owning WP.,"Focused automated checks, Windows host behavior, Galaxy S25 Ultra interaction/screenshot evidence where applicable, and exact source/artifact hashes at WP14.",Original N ID/title preserved; source presence is not runtime verification.
feature,N02,Fit and Readable presets,"WP2,WP12",partial_candidate,flutter/lib/mobile/widgets/monitor_control_view.dart; flutter/lib/mobile/widgets/monitor_session_continuity.dart; flutter/lib/mobile/pages/target_dashboard_page.dart,flutter/test/monitor_control_view_test.dart; flutter/test/target_dashboard_test.dart,desktop-fit;desktop-readable,Capability/permission/acknowledgment must be verified in owning WP.,"Focused automated checks, Windows host behavior, Galaxy S25 Ultra interaction/screenshot evidence where applicable, and exact source/artifact hashes at WP14.",Original N ID/title preserved; source presence is not runtime verification.
feature,N03,Same-frame minimap,"WP2,WP12",partial_candidate,flutter/lib/mobile/widgets/monitor_control_view.dart; flutter/lib/mobile/widgets/monitor_session_continuity.dart; flutter/lib/mobile/pages/target_dashboard_page.dart,flutter/test/monitor_control_view_test.dart; flutter/test/target_dashboard_test.dart,desktop-readable;precision,Capability/permission/acknowledgment must be verified in owning WP.,"Focused automated checks, Windows host behavior, Galaxy S25 Ultra interaction/screenshot evidence where applicable, and exact source/artifact hashes at WP14.",Original N ID/title preserved; source presence is not runtime verification.
feature,N04,Explicit Pan modifier,"WP2,WP12",partial_candidate,flutter/lib/mobile/widgets/monitor_control_view.dart; flutter/lib/mobile/widgets/monitor_session_continuity.dart; flutter/lib/mobile/pages/target_dashboard_page.dart,flutter/test/monitor_control_view_test.dart; flutter/test/target_dashboard_test.dart,desktop-readable,Capability/permission/acknowledgment must be verified in owning WP.,"Focused automated checks, Windows host behavior, Galaxy S25 Ultra interaction/screenshot evidence where applicable, and exact source/artifact hashes at WP14.",Original N ID/title preserved; source presence is not runtime verification.
feature,N05,Collapsible and dockable controls,"WP2,WP12",partial_candidate,flutter/lib/mobile/widgets/monitor_control_view.dart; flutter/lib/mobile/widgets/monitor_session_continuity.dart; flutter/lib/mobile/pages/target_dashboard_page.dart,flutter/test/monitor_control_view_test.dart; flutter/test/target_dashboard_test.dart,session-controls;precision,Capability/permission/acknowledgment must be verified in owning WP.,"Focused automated checks, Windows host behavior, Galaxy S25 Ultra interaction/screenshot evidence where applicable, and exact source/artifact hashes at WP14.",Original N ID/title preserved; source presence is not runtime verification.
feature,N06,Optional touchpad panel,"WP2,WP12",optional_unverified,flutter/lib/mobile/widgets/monitor_control_view.dart; flutter/lib/mobile/widgets/monitor_session_continuity.dart; flutter/lib/mobile/pages/target_dashboard_page.dart,flutter/test/monitor_control_view_test.dart; flutter/test/target_dashboard_test.dart,precision,Capability/permission/acknowledgment must be verified in owning WP.,"Focused automated checks, Windows host behavior, Galaxy S25 Ultra interaction/screenshot evidence where applicable, and exact source/artifact hashes at WP14.",Original N ID/title preserved; source presence is not runtime verification.
feature,N07,Orientation policy,"WP2,WP5,WP12",partial_candidate,flutter/lib/mobile/widgets/monitor_control_view.dart; flutter/lib/mobile/widgets/monitor_session_continuity.dart; flutter/lib/mobile/pages/target_dashboard_page.dart; flutter/lib/mobile/pages/emulator_page.dart; flutter/lib/models/emulator_model.dart; flutter/lib/models/bluestacks_model.dart; src/client/emulator.rs; src/server/emulator/,flutter/test/monitor_control_view_test.dart; flutter/test/emulator_model_test.dart; flutter/test/bluestacks_model_test.dart,desktop-portrait;emulator,Capability/permission/acknowledgment must be verified in owning WP.,"Focused automated checks, Windows host behavior, Galaxy S25 Ultra interaction/screenshot evidence where applicable, and exact source/artifact hashes at WP14.",Original N ID/title preserved; source presence is not runtime verification.
feature,N08,Recent/pinned window jumping,"WP9,WP12",source_unit_verified_runtime_pending,src/server/emulator/window_picker.rs; src/server/emulator/host_management.rs; src/server/emulator/connection.rs; flutter/lib/mobile/widgets/window_picker_sheet.dart; flutter/lib/mobile/pages/target_dashboard_page.dart,flutter/test/remote_conformance/window_picker_test.dart; flutter/test/monitor_control_view_test.dart; flutter/test/target_dashboard_test.dart,supp-window-picker,Authenticated bounded list is view-only safe; focus requires control plus exact operation/session/target/generation identity.,"WP9 source/unit evidence recorded in docs/remote/release-evidence.md; matched Windows/S25 runtime and WP12 screenshot/layout evidence remain pending.",Original N ID/title preserved; runtime proof remains open.
feature,N09,Precision pointer gain,WP2,partial_candidate,flutter/lib/mobile/widgets/monitor_control_view.dart; flutter/lib/mobile/widgets/monitor_session_continuity.dart; flutter/lib/mobile/pages/target_dashboard_page.dart,flutter/test/monitor_control_view_test.dart; flutter/test/target_dashboard_test.dart,precision,Capability/permission/acknowledgment must be verified in owning WP.,"Focused automated checks, Windows host behavior, Galaxy S25 Ultra interaction/screenshot evidence where applicable, and exact source/artifact hashes at WP14.",Original N ID/title preserved; source presence is not runtime verification.
feature,N10,Movable L/R mouse controls,WP2,partial_candidate,flutter/lib/mobile/widgets/monitor_control_view.dart; flutter/lib/mobile/widgets/monitor_session_continuity.dart; flutter/lib/mobile/pages/target_dashboard_page.dart,flutter/test/monitor_control_view_test.dart; flutter/test/target_dashboard_test.dart,precision,Capability/permission/acknowledgment must be verified in owning WP.,"Focused automated checks, Windows host behavior, Galaxy S25 Ultra interaction/screenshot evidence where applicable, and exact source/artifact hashes at WP14.",Original N ID/title preserved; source presence is not runtime verification.
feature,N11,Double-tap-hold drag and Drag lock,WP2,partial_candidate,flutter/lib/mobile/widgets/monitor_control_view.dart; flutter/lib/mobile/widgets/monitor_session_continuity.dart; flutter/lib/mobile/pages/target_dashboard_page.dart,flutter/test/monitor_control_view_test.dart; flutter/test/target_dashboard_test.dart,precision,Capability/permission/acknowledgment must be verified in owning WP.,"Focused automated checks, Windows host behavior, Galaxy S25 Ultra interaction/screenshot evidence where applicable, and exact source/artifact hashes at WP14.",Original N ID/title preserved; source presence is not runtime verification.
feature,N12,Sticky key strip,WP2,partial_candidate,flutter/lib/mobile/widgets/monitor_control_view.dart; flutter/lib/mobile/widgets/monitor_session_continuity.dart; flutter/lib/mobile/pages/target_dashboard_page.dart,flutter/test/monitor_control_view_test.dart; flutter/test/target_dashboard_test.dart,keys;precision,Capability/permission/acknowledgment must be verified in owning WP.,"Focused automated checks, Windows host behavior, Galaxy S25 Ultra interaction/screenshot evidence where applicable, and exact source/artifact hashes at WP14.",Original N ID/title preserved; source presence is not runtime verification.
feature,N13,Editable shortcut presets,WP2,unverified,flutter/lib/mobile/widgets/monitor_control_view.dart; flutter/lib/mobile/widgets/monitor_session_continuity.dart; flutter/lib/mobile/pages/target_dashboard_page.dart,flutter/test/monitor_control_view_test.dart; flutter/test/target_dashboard_test.dart,keys,Capability/permission/acknowledgment must be verified in owning WP.,"Focused automated checks, Windows host behavior, Galaxy S25 Ultra interaction/screenshot evidence where applicable, and exact source/artifact hashes at WP14.",Original N ID/title preserved; source presence is not runtime verification.
feature,N14,Keys versus Text modes,"WP2,WP5,WP6",partial_candidate,flutter/lib/mobile/widgets/monitor_control_view.dart; flutter/lib/mobile/widgets/monitor_session_continuity.dart; flutter/lib/mobile/pages/target_dashboard_page.dart,flutter/test/monitor_control_view_test.dart; flutter/test/target_dashboard_test.dart,keys;text-compose,Capability/permission/acknowledgment must be verified in owning WP.,"Focused automated checks, Windows host behavior, Galaxy S25 Ultra interaction/screenshot evidence where applicable, and exact source/artifact hashes at WP14.",Original N ID/title preserved; source presence is not runtime verification.
feature,N15,Per-target input and gesture guide,"WP2,WP5",partial_candidate,flutter/lib/mobile/widgets/monitor_control_view.dart; flutter/lib/mobile/widgets/monitor_session_continuity.dart; flutter/lib/mobile/pages/target_dashboard_page.dart,flutter/test/monitor_control_view_test.dart; flutter/test/target_dashboard_test.dart,input-guide;targets,Capability/permission/acknowledgment must be verified in owning WP.,"Focused automated checks, Windows host behavior, Galaxy S25 Ultra interaction/screenshot evidence where applicable, and exact source/artifact hashes at WP14.",Original N ID/title preserved; source presence is not runtime verification.
feature,N16,"Auto, Sharp text, Smooth motion","WP1,WP2,WP14",partial_candidate,flutter/lib/mobile/widgets/session_quality_panel.dart; flutter/lib/mobile/widgets/monitor_session_continuity.dart; flutter/lib/mobile/widgets/monitor_control_view.dart; flutter/lib/mobile/widgets/monitor_session_continuity.dart; flutter/lib/mobile/pages/target_dashboard_page.dart,flutter/test/quality_monitor_transport_test.dart; flutter/test/monitor_control_view_test.dart,quality,Capability/permission/acknowledgment must be verified in owning WP.,"Focused automated checks, Windows host behavior, Galaxy S25 Ultra interaction/screenshot evidence where applicable, and exact source/artifact hashes at WP14.",Original N ID/title preserved; source presence is not runtime verification.
feature,N17,Honest session health,"WP1,WP2,WP14",partial_candidate,flutter/lib/mobile/widgets/session_quality_panel.dart; flutter/lib/mobile/widgets/monitor_session_continuity.dart; flutter/lib/mobile/widgets/monitor_control_view.dart; flutter/lib/mobile/widgets/monitor_session_continuity.dart; flutter/lib/mobile/pages/target_dashboard_page.dart,flutter/test/quality_monitor_transport_test.dart; flutter/test/monitor_control_view_test.dart,quality;reconnect,Capability/permission/acknowledgment must be verified in owning WP.,"Focused automated checks, Windows host behavior, Galaxy S25 Ultra interaction/screenshot evidence where applicable, and exact source/artifact hashes at WP14.",Original N ID/title preserved; source presence is not runtime verification.
feature,N18,Safe reconnect continuity,"WP2,WP3,WP14",partial_candidate,flutter/lib/mobile/widgets/monitor_control_view.dart; flutter/lib/mobile/widgets/monitor_session_continuity.dart; flutter/lib/mobile/pages/target_dashboard_page.dart,flutter/test/monitor_control_view_test.dart; flutter/test/target_dashboard_test.dart,reconnect,Capability/permission/acknowledgment must be verified in owning WP.,"Focused automated checks, Windows host behavior, Galaxy S25 Ultra interaction/screenshot evidence where applicable, and exact source/artifact hashes at WP14.",Original N ID/title preserved; source presence is not runtime verification.
feature,N19,Clear minimize versus End session,"WP1,WP2,WP14",partial_candidate,flutter/lib/mobile/widgets/monitor_control_view.dart; flutter/lib/mobile/widgets/monitor_session_continuity.dart; flutter/lib/mobile/pages/target_dashboard_page.dart,flutter/test/monitor_control_view_test.dart; flutter/test/target_dashboard_test.dart,session-controls;overview,Capability/permission/acknowledgment must be verified in owning WP.,"Focused automated checks, Windows host behavior, Galaxy S25 Ultra interaction/screenshot evidence where applicable, and exact source/artifact hashes at WP14.",Original N ID/title preserved; source presence is not runtime verification.
feature,N20,Cursor offset,WP2,partial_candidate,flutter/lib/mobile/widgets/monitor_control_view.dart; flutter/lib/mobile/widgets/monitor_session_continuity.dart; flutter/lib/mobile/pages/target_dashboard_page.dart,flutter/test/monitor_control_view_test.dart; flutter/test/target_dashboard_test.dart,precision,Capability/permission/acknowledgment must be verified in owning WP.,"Focused automated checks, Windows host behavior, Galaxy S25 Ultra interaction/screenshot evidence where applicable, and exact source/artifact hashes at WP14.",Original N ID/title preserved; source presence is not runtime verification.
feature,N21,Optional precision loupe,WP2,optional_unverified,flutter/lib/mobile/widgets/monitor_control_view.dart; flutter/lib/mobile/widgets/monitor_session_continuity.dart; flutter/lib/mobile/pages/target_dashboard_page.dart,flutter/test/monitor_control_view_test.dart; flutter/test/target_dashboard_test.dart,precision,Capability/permission/acknowledgment must be verified in owning WP.,"Focused automated checks, Windows host behavior, Galaxy S25 Ultra interaction/screenshot evidence where applicable, and exact source/artifact hashes at WP14.",Original N ID/title preserved; source presence is not runtime verification.
feature,N22,Thumbwheel scrolling,WP2,partial_candidate,flutter/lib/mobile/widgets/monitor_control_view.dart; flutter/lib/mobile/widgets/monitor_session_continuity.dart; flutter/lib/mobile/pages/target_dashboard_page.dart,flutter/test/monitor_control_view_test.dart; flutter/test/target_dashboard_test.dart,precision,Focused widget coverage proves thumbwheel drag emits remote scroll without pointer move/click; physical Windows + S25 behavior remains required.,"Focused automated checks, Windows host behavior, Galaxy S25 Ultra interaction/screenshot evidence where applicable, and exact source/artifact hashes at WP14.",Original N ID/title preserved; source presence is not runtime verification.
feature,N23,View only input guard,"WP1,WP2",partial_candidate,flutter/lib/mobile/widgets/monitor_control_view.dart; flutter/lib/mobile/widgets/monitor_session_continuity.dart; flutter/lib/mobile/pages/target_dashboard_page.dart,flutter/test/monitor_control_view_test.dart; flutter/test/target_dashboard_test.dart,clipboard;session-controls,Capability/permission/acknowledgment must be verified in owning WP.,"Focused automated checks, Windows host behavior, Galaxy S25 Ultra interaction/screenshot evidence where applicable, and exact source/artifact hashes at WP14.",Original N ID/title preserved; source presence is not runtime verification.
feature,N24,Directional clipboard exchange,WP6,partial_candidate,src/clipboard.rs; src/server/clipboard_service.rs; flutter/lib/mobile/widgets/monitor_control_view.dart; flutter/lib/mobile/widgets/monitor_session_continuity.dart; flutter/lib/mobile/pages/target_dashboard_page.dart,WP6 directional clipboard and safe-paste tests required,clipboard,Capability/permission/acknowledgment must be verified in owning WP.,"Focused automated checks, Windows host behavior, Galaxy S25 Ultra interaction/screenshot evidence where applicable, and exact source/artifact hashes at WP14.",Original N ID/title preserved; source presence is not runtime verification.
feature,N25,Physical display blanking,WP11,source_widget_verified_runtime_pending,src/privacy_mode.rs; src/privacy_mode/; src/platform/windows.rs; flutter/lib/mobile/widgets/privacy_controls_sheet.dart,server connection tests; target_dashboard_test.dart,privacy,"Existing host privacy acknowledgment is shown separately from local BlockInput, but current Windows privacy implementations may also suppress input; independent physical blanking is not claimed.","Source/widget behavior verified; physical Windows/S25 monitor inspection, abrupt-loss cleanup and other-viewer claim checks remain pending.",Original N ID/title preserved; runtime privacy proof is still required.
feature,N26,Lock local input,WP11,source_unit_verified_runtime_pending,src/server/connection.rs; src/client/io_loop.rs; flutter/lib/common/widgets/toolbar.dart; flutter/lib/mobile/widgets/privacy_controls_sheet.dart,server connection tests; sensitive_session_option_tests; target_dashboard_test.dart,privacy,"Block/unblock now waits for host success/failure notification; optimistic phone state was removed and worker disconnect attempts release.","19 server connection + 3 sensitive-session tests plus focused dashboard coverage pass; physical Windows input/recovery proof remains pending.",Original N ID/title preserved; source/unit behavior verified, runtime gate open.
feature,N27,Lock Windows on disconnect,WP11,source_widget_verified_ack_pending,src/client.rs; src/server/connection.rs; flutter/lib/mobile/widgets/privacy_controls_sheet.dart,sensitive_session_option_tests; target_dashboard_test.dart,privacy,"Requested state is session-local and never replayed from saved peer preferences. Host observed acknowledgment/query is not yet available and the UI says so.","Source/widget behavior verified; physical disconnect and observed host-lock confirmation remain pending.",Original N ID/title preserved; no verified-host-success claim is made.
feature,N28,Phone Workspace virtual display,WP10,source_unit_verified_runtime_pending,src/virtual_display_manager.rs; src/server/emulator/phone_workspace.rs; src/server/emulator/host_management.rs; flutter/lib/models/emulator_model.dart; flutter/lib/mobile/widgets/phone_workspace_sheet.dart,src/server/emulator/phone_workspace.rs tests; client emulator protocol tests; flutter/test/emulator_model_test.dart,phone-workspace,"Existing-driver only; lifecycle is operation-bound and serialized; native ownership must remain provable for automatic cleanup; restart ambiguity fails closed.","6 Rust Phone Workspace + 7 protocol + 26 Flutter model tests and targeted analyze pass; physical Windows/S25 create/end/crash/disconnect and visual evidence remain pending.",Original N ID/title preserved; source/unit behavior verified, runtime/visual acceptance still open.
feature,N29,Explicit Windows resolution setting,"WP8,WP11",host_candidate_unverified,src/server/display_service.rs; flutter/lib/mobile/pages/settings_page.dart,WP8/WP11 display-mode tests required,settings,Capability/permission/acknowledgment must be verified in owning WP.,"Focused automated checks, Windows host behavior, Galaxy S25 Ultra interaction/screenshot evidence where applicable, and exact source/artifact hashes at WP14.",Original N ID/title preserved; source presence is not runtime verification.
feature,N30,Stylus and advanced-stream capability investigation,"WP0,WP14",unverified,flutter/lib/mobile/widgets/session_quality_panel.dart; flutter/lib/mobile/widgets/monitor_session_continuity.dart; codec/input platform paths,capability investigation evidence required,quality,Capability/permission/acknowledgment must be verified in owning WP.,"Focused automated checks, Windows host behavior, Galaxy S25 Ultra interaction/screenshot evidence where applicable, and exact source/artifact hashes at WP14.",Original N ID/title preserved; source presence is not runtime verification.
flow,S01,Computers root,"WP1,WP14",partial_candidate,flutter/lib/mobile/pages/connection_page.dart; flutter/lib/mobile/pages/home_page.dart,WP1/WP14 connection/auth compatibility tests,computers;add-computer,Existing/inherited capability is a candidate until negotiated permissions and failure behavior pass.,"Focused automated checks, Windows host behavior, Galaxy S25 Ultra interaction/screenshot evidence where applicable, and exact source/artifact hashes at WP14.",Original S ID/title preserved; all stated states/actions remain acceptance criteria.
flow,S02,Connect and authentication,"WP1,WP14",partial_candidate,flutter/lib/mobile/pages/connection_page.dart; flutter/lib/mobile/pages/home_page.dart,WP1/WP14 connection/auth compatibility tests,connect,Existing/inherited capability is a candidate until negotiated permissions and failure behavior pass.,"Focused automated checks, Windows host behavior, Galaxy S25 Ultra interaction/screenshot evidence where applicable, and exact source/artifact hashes at WP14.",Original S ID/title preserved; all stated states/actions remain acceptance criteria.
flow,S03,PC Overview,"WP5,WP8",partial_candidate,flutter/lib/mobile/pages/emulator_page.dart; flutter/lib/models/emulator_model.dart; flutter/lib/models/bluestacks_model.dart; src/client/emulator.rs; src/server/emulator/; flutter/lib/mobile/widgets/monitor_control_view.dart; flutter/lib/mobile/widgets/monitor_session_continuity.dart; flutter/lib/mobile/pages/target_dashboard_page.dart,flutter/test/emulator_model_test.dart; flutter/test/bluestacks_model_test.dart; flutter/test/target_dashboard_test.dart,overview;emulator-starting,Existing/inherited capability is a candidate until negotiated permissions and failure behavior pass.,"Focused automated checks, Windows host behavior, Galaxy S25 Ultra interaction/screenshot evidence where applicable, and exact source/artifact hashes at WP14.",Original S ID/title preserved; all stated states/actions remain acceptance criteria.
flow,S04,Windows Fit view,WP2,partial_candidate,flutter/lib/mobile/widgets/monitor_control_view.dart; flutter/lib/mobile/widgets/monitor_session_continuity.dart; flutter/lib/mobile/pages/target_dashboard_page.dart,flutter/test/monitor_control_view_test.dart; flutter/test/target_dashboard_test.dart,desktop-fit,Existing/inherited capability is a candidate until negotiated permissions and failure behavior pass.,"Focused automated checks, Windows host behavior, Galaxy S25 Ultra interaction/screenshot evidence where applicable, and exact source/artifact hashes at WP14.",Original S ID/title preserved; all stated states/actions remain acceptance criteria.
flow,S05,Windows Readable view,WP2,partial_candidate,flutter/lib/mobile/widgets/monitor_control_view.dart; flutter/lib/mobile/widgets/monitor_session_continuity.dart; flutter/lib/mobile/pages/target_dashboard_page.dart,flutter/test/monitor_control_view_test.dart; flutter/test/target_dashboard_test.dart,desktop-readable,Existing/inherited capability is a candidate until negotiated permissions and failure behavior pass.,"Focused automated checks, Windows host behavior, Galaxy S25 Ultra interaction/screenshot evidence where applicable, and exact source/artifact hashes at WP14.",Original S ID/title preserved; all stated states/actions remain acceptance criteria.
flow,S06,Target/display chooser,"WP2,WP5",partial_candidate,flutter/lib/mobile/pages/emulator_page.dart; flutter/lib/models/emulator_model.dart; flutter/lib/models/bluestacks_model.dart; src/client/emulator.rs; src/server/emulator/; flutter/lib/mobile/widgets/monitor_control_view.dart; flutter/lib/mobile/widgets/monitor_session_continuity.dart; flutter/lib/mobile/pages/target_dashboard_page.dart,flutter/test/emulator_model_test.dart; flutter/test/bluestacks_model_test.dart; flutter/test/target_dashboard_test.dart,targets,Existing/inherited capability is a candidate until negotiated permissions and failure behavior pass.,"Focused automated checks, Windows host behavior, Galaxy S25 Ultra interaction/screenshot evidence where applicable, and exact source/artifact hashes at WP14.",Original S ID/title preserved; all stated states/actions remain acceptance criteria.
flow,S07,Remote keyboard,WP2,partial_candidate,flutter/lib/mobile/widgets/monitor_control_view.dart; flutter/lib/mobile/widgets/monitor_session_continuity.dart; flutter/lib/mobile/pages/target_dashboard_page.dart,flutter/test/monitor_control_view_test.dart; flutter/test/target_dashboard_test.dart,keys;text-compose,Existing/inherited capability is a candidate until negotiated permissions and failure behavior pass.,"Focused automated checks, Windows host behavior, Galaxy S25 Ultra interaction/screenshot evidence where applicable, and exact source/artifact hashes at WP14.",Original S ID/title preserved; all stated states/actions remain acceptance criteria.
flow,S08,Guest fullscreen,WP5,partial_candidate,flutter/lib/mobile/pages/emulator_page.dart; flutter/lib/models/emulator_model.dart; flutter/lib/models/bluestacks_model.dart; src/client/emulator.rs; src/server/emulator/; flutter/lib/mobile/widgets/monitor_control_view.dart; flutter/lib/mobile/widgets/monitor_session_continuity.dart; flutter/lib/mobile/pages/target_dashboard_page.dart,flutter/test/emulator_model_test.dart; flutter/test/bluestacks_model_test.dart; flutter/test/target_dashboard_test.dart,emulator;emulator-starting;emulator-launch,Existing/inherited capability is a candidate until negotiated permissions and failure behavior pass.,"Focused automated checks, Windows host behavior, Galaxy S25 Ultra interaction/screenshot evidence where applicable, and exact source/artifact hashes at WP14.",Original S ID/title preserved; all stated states/actions remain acceptance criteria.
flow,S09,System summary,WP8,partial_candidate,flutter/lib/mobile/pages/host_management_page.dart; flutter/lib/models/host_management_model.dart; src/server/emulator/host_management.rs,WP8 freshness/process/action tests required,supp-system-stale,Existing/inherited capability is a candidate until negotiated permissions and failure behavior pass.,"Focused automated checks, Windows host behavior, Galaxy S25 Ultra interaction/screenshot evidence where applicable, and exact source/artifact hashes at WP14.",Original S ID/title preserved; all stated states/actions remain acceptance criteria.
flow,S10,Recovery actions,WP8,unverified_or_partial,flutter/lib/mobile/pages/host_management_page.dart; flutter/lib/models/host_management_model.dart; src/server/emulator/host_management.rs,WP8 freshness/process/action tests required,system,Existing/inherited capability is a candidate until negotiated permissions and failure behavior pass.,"Focused automated checks, Windows host behavior, Galaxy S25 Ultra interaction/screenshot evidence where applicable, and exact source/artifact hashes at WP14.",Original S ID/title preserved; all stated states/actions remain acceptance criteria.
flow,S11,Processes,WP8,unverified_or_partial,flutter/lib/mobile/pages/host_management_page.dart; flutter/lib/models/host_management_model.dart; src/server/emulator/host_management.rs,WP8 freshness/process/action tests required,system;end-task,Existing/inherited capability is a candidate until negotiated permissions and failure behavior pass.,"Focused automated checks, Windows host behavior, Galaxy S25 Ultra interaction/screenshot evidence where applicable, and exact source/artifact hashes at WP14.",Original S ID/title preserved; all stated states/actions remain acceptance criteria.
flow,S12,File browser,WP7,unverified_or_partial,flutter/lib/mobile/pages/file_manager_page.dart; flutter/lib/models/file_model.dart; libs/base/src/fs.rs; src/client/io_loop.rs; src/ui_cm_interface.rs,flutter/test/remote_conformance/file_transfer_test.dart; flutter/test/file_model_test.dart; libs/base/src/fs.rs focused tests,files,File-transfer permission and exact transfer/job ownership remain authoritative.,"WP7 source/unit evidence recorded in docs/remote/release-evidence.md; matched Windows/S25 interruption, old-peer, and artifact-hash proof remain pending at WP14.",Original S ID/title preserved; runtime proof remains open.
flow,S13,File selection and destination,WP7,unverified_or_partial,flutter/lib/mobile/pages/file_manager_page.dart; flutter/lib/models/file_model.dart; libs/base/src/fs.rs,flutter/test/remote_conformance/file_transfer_test.dart; flutter/test/file_model_test.dart; libs/base/src/fs.rs focused tests,file-destination,Destination and resume actions bind the exact transfer owner/source/destination/file identity; reconnect never auto-resumes.,"Strong SHA-256/source-handle and persisted-ownership coverage is recorded in docs/remote/release-evidence.md; matched Windows/S25 filesystem proof remains pending.",Original S ID/title preserved; runtime proof remains open.
flow,S14,File operations,WP7,unverified_or_partial,flutter/lib/mobile/pages/file_manager_page.dart; flutter/lib/models/file_model.dart; libs/base/src/fs.rs; src/client/io_loop.rs; src/ui_cm_interface.rs,flutter/test/remote_conformance/file_transfer_test.dart; libs/base/src/fs.rs focused conflict/finalization tests,file-conflict,Replace/Keep both require the active conflict generation plus destination revalidation; Keep both remains the safe default.,"Conflict-token, no-replace publish, rollback, stale-destination and Unicode sibling coverage is recorded in docs/remote/release-evidence.md; old-peer and S25 visual/runtime proof remain pending.",Original S ID/title preserved; runtime proof remains open.
flow,S15,Transfers,WP7,unverified_or_partial,flutter/lib/mobile/pages/file_manager_page.dart; flutter/lib/models/file_model.dart; libs/base/src/fs.rs; src/client/io_loop.rs; src/ui_cm_interface.rs,flutter/test/remote_conformance/file_transfer_test.dart; flutter/test/file_model_test.dart; libs/base/src/fs.rs; src/client/io_loop.rs; src/ui_cm_interface.rs focused tests,transfers,Pause/cancel/resume state is acknowledgment/reconciliation driven and late terminal traffic cannot revive an accepted cancel.,"WP7 source/unit evidence recorded in docs/remote/release-evidence.md; large transfer latency/interruption, permission revocation, reconnect, and cross-version proof remain pending at WP14.",Original S ID/title preserved; runtime proof remains open.
flow,S16,Shell session,WP6,partial_candidate,flutter/lib/mobile/pages/terminal_page.dart; flutter/lib/models/terminal_model.dart; src/server/terminal_service.rs; src/server/terminal_helper.rs,terminal lifecycle/keyboard/mouse/scroll tests; WP6 safe-paste tests,shell,Existing/inherited capability is a candidate until negotiated permissions and failure behavior pass.,"Focused automated checks, Windows host behavior, Galaxy S25 Ultra interaction/screenshot evidence where applicable, and exact source/artifact hashes at WP14.",Original S ID/title preserved; all stated states/actions remain acceptance criteria.
flow,S17,Shell input tools,WP6,partial_candidate,flutter/lib/mobile/pages/terminal_page.dart; flutter/lib/models/terminal_model.dart; src/server/terminal_service.rs; src/server/terminal_helper.rs,terminal lifecycle/keyboard/mouse/scroll tests; WP6 safe-paste tests,shell;supp-safe-paste,Existing/inherited capability is a candidate until negotiated permissions and failure behavior pass.,"Focused automated checks, Windows host behavior, Galaxy S25 Ultra interaction/screenshot evidence where applicable, and exact source/artifact hashes at WP14.",Original S ID/title preserved; all stated states/actions remain acceptance criteria.
flow,S18,Codex list and New,"WP3,WP4",partial_candidate,flutter/lib/mobile/pages/codex_page.dart; flutter/lib/models/codex_model.dart; src/server/codex/,flutter/test/codex_model_test.dart; flutter/test/codex_page_test.dart; Rust src/server/codex tests,codex;codex-new;codex-workspace,Existing/inherited capability is a candidate until negotiated permissions and failure behavior pass.,"Focused automated checks, Windows host behavior, Galaxy S25 Ultra interaction/screenshot evidence where applicable, and exact source/artifact hashes at WP14.",Original S ID/title preserved; all stated states/actions remain acceptance criteria.
flow,S19,Codex conversation,"WP3,WP4",partial_candidate,flutter/lib/mobile/pages/codex_page.dart; flutter/lib/models/codex_model.dart; src/server/codex/,flutter/test/codex_model_test.dart; flutter/test/codex_page_test.dart; Rust src/server/codex tests,codex-conversation;codex-send,Existing/inherited capability is a candidate until negotiated permissions and failure behavior pass.,"Focused automated checks, Windows host behavior, Galaxy S25 Ultra interaction/screenshot evidence where applicable, and exact source/artifact hashes at WP14.",Original S ID/title preserved; all stated states/actions remain acceptance criteria.
flow,S20,Codex approval,WP3,partial_candidate,flutter/lib/mobile/pages/codex_page.dart; flutter/lib/models/codex_model.dart; src/server/codex/,flutter/test/codex_model_test.dart; flutter/test/codex_page_test.dart; Rust src/server/codex tests,codex-approval,Existing/inherited capability is a candidate until negotiated permissions and failure behavior pass.,"Focused automated checks, Windows host behavior, Galaxy S25 Ultra interaction/screenshot evidence where applicable, and exact source/artifact hashes at WP14.",Original S ID/title preserved; all stated states/actions remain acceptance criteria.
flow,S21,Codex unavailable,"WP3,WP4",partial_candidate,flutter/lib/mobile/pages/codex_page.dart; flutter/lib/models/codex_model.dart; src/server/codex/,flutter/test/codex_model_test.dart; flutter/test/codex_page_test.dart; Rust src/server/codex tests,codex-manual;codex-history,Existing/inherited capability is a candidate until negotiated permissions and failure behavior pass.,"Focused automated checks, Windows host behavior, Galaxy S25 Ultra interaction/screenshot evidence where applicable, and exact source/artifact hashes at WP14.",Original S ID/title preserved; all stated states/actions remain acceptance criteria.
flow,S22,Settings root,"WP1,WP12",partial_candidate,flutter/lib/mobile/pages/settings_page.dart; flutter/lib/mobile/widgets/monitor_control_view.dart; flutter/lib/mobile/widgets/monitor_session_continuity.dart; flutter/lib/mobile/pages/target_dashboard_page.dart,WP1/WP2/WP11 settings and capability tests,settings,Existing/inherited capability is a candidate until negotiated permissions and failure behavior pass.,"Focused automated checks, Windows host behavior, Galaxy S25 Ultra interaction/screenshot evidence where applicable, and exact source/artifact hashes at WP14.",Original S ID/title preserved; all stated states/actions remain acceptance criteria.
flow,S23,Connection/account settings,"WP1,WP12",unverified_or_partial,flutter/lib/mobile/pages/settings_page.dart; flutter/lib/mobile/widgets/monitor_control_view.dart; flutter/lib/mobile/widgets/monitor_session_continuity.dart; flutter/lib/mobile/pages/target_dashboard_page.dart,WP1/WP2/WP11 settings and capability tests,settings,Existing/inherited capability is a candidate until negotiated permissions and failure behavior pass.,"Focused automated checks, Windows host behavior, Galaxy S25 Ultra interaction/screenshot evidence where applicable, and exact source/artifact hashes at WP14.",Original S ID/title preserved; all stated states/actions remain acceptance criteria.
flow,S24,Display/input settings,"WP1,WP2,WP12",partial_candidate,flutter/lib/mobile/pages/settings_page.dart; flutter/lib/mobile/widgets/monitor_control_view.dart; flutter/lib/mobile/widgets/monitor_session_continuity.dart; flutter/lib/mobile/pages/target_dashboard_page.dart,WP1/WP2/WP11 settings and capability tests,settings;quality;input-guide,Existing/inherited capability is a candidate until negotiated permissions and failure behavior pass.,"Focused automated checks, Windows host behavior, Galaxy S25 Ultra interaction/screenshot evidence where applicable, and exact source/artifact hashes at WP14.",Original S ID/title preserved; all stated states/actions remain acceptance criteria.
flow,S25,Permissions,"WP1,WP11,WP12",unverified_or_partial,flutter/lib/mobile/pages/settings_page.dart; flutter/lib/mobile/widgets/monitor_control_view.dart; flutter/lib/mobile/widgets/monitor_session_continuity.dart; flutter/lib/mobile/pages/target_dashboard_page.dart,WP1/WP2/WP11 settings and capability tests,settings;privacy,Existing/inherited capability is a candidate until negotiated permissions and failure behavior pass.,"Focused automated checks, Windows host behavior, Galaxy S25 Ultra interaction/screenshot evidence where applicable, and exact source/artifact hashes at WP14.",Original S ID/title preserved; all stated states/actions remain acceptance criteria.
flow,S26,Chat,"WP1,WP12,WP14",unverified_or_partial,inherited RustDesk mobile feature paths; exact path verification remains in WP1/WP12,legacy regression plus WP12 state/accessibility evidence required,no-dedicated-kit-state,Existing/inherited capability is a candidate until negotiated permissions and failure behavior pass.,"Focused automated checks, Windows host behavior, Galaxy S25 Ultra interaction/screenshot evidence where applicable, and exact source/artifact hashes at WP14.",Original S ID/title preserved; all stated states/actions remain acceptance criteria.
flow,S27,Share this phone,"WP1,WP12,WP14",unverified_or_partial,inherited RustDesk mobile feature paths; exact path verification remains in WP1/WP12,legacy regression plus WP12 state/accessibility evidence required,no-dedicated-kit-state,Existing/inherited capability is a candidate until negotiated permissions and failure behavior pass.,"Focused automated checks, Windows host behavior, Galaxy S25 Ultra interaction/screenshot evidence where applicable, and exact source/artifact hashes at WP14.",Original S ID/title preserved; all stated states/actions remain acceptance criteria.
flow,S28,QR scanner,"WP1,WP12,WP14",unverified_or_partial,inherited RustDesk mobile feature paths; exact path verification remains in WP1/WP12,legacy regression plus WP12 state/accessibility evidence required,no-dedicated-kit-state,Existing/inherited capability is a candidate until negotiated permissions and failure behavior pass.,"Focused automated checks, Windows host behavior, Galaxy S25 Ultra interaction/screenshot evidence where applicable, and exact source/artifact hashes at WP14.",Original S ID/title preserved; all stated states/actions remain acceptance criteria.
flow,S29,Remote camera,"WP1,WP12,WP14",unverified_or_partial,inherited RustDesk mobile feature paths; exact path verification remains in WP1/WP12,legacy regression plus WP12 state/accessibility evidence required,no-dedicated-kit-state,Existing/inherited capability is a candidate until negotiated permissions and failure behavior pass.,"Focused automated checks, Windows host behavior, Galaxy S25 Ultra interaction/screenshot evidence where applicable, and exact source/artifact hashes at WP14.",Original S ID/title preserved; all stated states/actions remain acceptance criteria.
flow,S30,Global connection states,"WP2,WP3,WP14",partial_candidate,flutter/lib/mobile/widgets/monitor_control_view.dart; flutter/lib/mobile/widgets/monitor_session_continuity.dart; flutter/lib/mobile/pages/target_dashboard_page.dart,flutter/test/monitor_control_view_test.dart; flutter/test/target_dashboard_test.dart,reconnect,Existing/inherited capability is a candidate until negotiated permissions and failure behavior pass.,"Focused automated checks, Windows host behavior, Galaxy S25 Ultra interaction/screenshot evidence where applicable, and exact source/artifact hashes at WP14.",Original S ID/title preserved; all stated states/actions remain acceptance criteria.
flow,S31,Precision panel,WP2,partial_candidate,flutter/lib/mobile/widgets/monitor_control_view.dart; flutter/lib/mobile/widgets/monitor_session_continuity.dart; flutter/lib/mobile/pages/target_dashboard_page.dart,flutter/test/monitor_control_view_test.dart; flutter/test/target_dashboard_test.dart,precision,Existing/inherited capability is a candidate until negotiated permissions and failure behavior pass.,"Focused automated checks, Windows host behavior, Galaxy S25 Ultra interaction/screenshot evidence where applicable, and exact source/artifact hashes at WP14.",Original S ID/title preserved; all stated states/actions remain acceptance criteria.
flow,S32,Clipboard/text exchange,WP6,partial_candidate,src/clipboard.rs; src/server/clipboard_service.rs; flutter/lib/mobile/widgets/monitor_control_view.dart; flutter/lib/mobile/widgets/monitor_session_continuity.dart; flutter/lib/mobile/pages/target_dashboard_page.dart,WP6 directional clipboard tests required,clipboard,Existing/inherited capability is a candidate until negotiated permissions and failure behavior pass.,"Focused automated checks, Windows host behavior, Galaxy S25 Ultra interaction/screenshot evidence where applicable, and exact source/artifact hashes at WP14.",Original S ID/title preserved; all stated states/actions remain acceptance criteria.
flow,S33,Window picker,WP9,source_unit_verified_runtime_pending,src/server/emulator/window_picker.rs; src/client/emulator_protocol.rs; flutter/lib/models/emulator_model.dart; flutter/lib/mobile/widgets/window_picker_sheet.dart; flutter/lib/mobile/pages/target_dashboard_page.dart,flutter/test/remote_conformance/window_picker_test.dart; src/server/emulator/window_picker.rs tests,supp-window-picker,`host.windows.list.v1` is authenticated read-only; `host.window_focus.v1` requires control and exact scoped identity; stale/reused/layout-changed targets fail closed.,"83 Flutter focused regressions + 108 Rust emulator tests (8 runtime ignored) + 6 client protocol tests; physical Windows/S25 focus/minimize/move/denial evidence remains pending.",Original S ID/title preserved; source/unit behavior verified, runtime/visual acceptance still open.
flow,S34,Privacy/security panel,WP11,source_widget_verified_runtime_pending,src/privacy_mode.rs; src/privacy_mode/; src/platform/windows.rs; src/server/connection.rs; flutter/lib/mobile/widgets/privacy_controls_sheet.dart,server connection tests; sensitive_session_option_tests; target_dashboard_test.dart,privacy,"Separate screen privacy, local input, Windows lock request and lock-on-disconnect presentation; unavailable observations are labeled rather than inferred.","Focused source/widget checks pass; physical host behavior, lost-network/crash cleanup and Windows-lock observation remain pending.",Original S ID/title preserved; physical acceptance remains open.
flow,S35,Phone workspace,WP10,source_unit_verified_runtime_pending,src/virtual_display_manager.rs; src/server/emulator/phone_workspace.rs; src/server/emulator/host_management.rs; flutter/lib/models/emulator_model.dart; flutter/lib/mobile/widgets/phone_workspace_sheet.dart,src/server/emulator/phone_workspace.rs tests; client emulator protocol tests; flutter/test/emulator_model_test.dart,phone-workspace,"Support is read-only; begin/end require control plus exact operation identity. Unknown outcome requires reconciliation; native-unproven ownership cannot be removed automatically.","6 Rust Phone Workspace + 7 protocol + 26 Flutter model tests and targeted analyze pass; physical Windows/S25 lifecycle and WP12 visual evidence remain pending.",Original S ID/title preserved; source/unit behavior verified, runtime/visual acceptance still open.
visual-kit,computers,Computers,"WP12,WP1, WP14",reference_present_partial_candidate,flutter/lib/mobile/pages/connection_page.dart; flutter/lib/mobile/pages/home_page.dart,Owning WP behavior tests plus WP12 visual/accessibility evidence required,computers,Functional owner supplies truthful state; WP12 cannot invent support.,Deterministic fixture plus actual S25 screenshot and behavior evidence.,Exact Appendix-A screen-index ID.
visual-kit,add-computer,Add computer,"WP12,WP1, WP14",reference_present_partial_candidate,flutter/lib/mobile/pages/connection_page.dart; flutter/lib/mobile/pages/home_page.dart,Owning WP behavior tests plus WP12 visual/accessibility evidence required,add-computer,Functional owner supplies truthful state; WP12 cannot invent support.,Deterministic fixture plus actual S25 screenshot and behavior evidence.,Exact Appendix-A screen-index ID.
visual-kit,connect,Connect securely,"WP12,WP1, WP14",reference_present_partial_candidate,flutter/lib/mobile/pages/connection_page.dart; flutter/lib/mobile/pages/home_page.dart,Owning WP behavior tests plus WP12 visual/accessibility evidence required,connect,Functional owner supplies truthful state; WP12 cannot invent support.,Deterministic fixture plus actual S25 screenshot and behavior evidence.,Exact Appendix-A screen-index ID.
visual-kit,overview,PC overview,"WP12,WP8",reference_present_partial_candidate,flutter/lib/mobile/widgets/monitor_control_view.dart; flutter/lib/mobile/widgets/monitor_session_continuity.dart; flutter/lib/mobile/pages/target_dashboard_page.dart,Owning WP behavior tests plus WP12 visual/accessibility evidence required,overview,Functional owner supplies truthful state; WP12 cannot invent support.,Deterministic fixture plus actual S25 screenshot and behavior evidence.,Exact Appendix-A screen-index ID.
visual-kit,targets,Choose a target,"WP12,WP2, WP5",reference_present_partial_candidate,flutter/lib/mobile/widgets/monitor_control_view.dart; flutter/lib/mobile/widgets/monitor_session_continuity.dart; flutter/lib/mobile/pages/target_dashboard_page.dart,Owning WP behavior tests plus WP12 visual/accessibility evidence required,targets,Functional owner supplies truthful state; WP12 cannot invent support.,Deterministic fixture plus actual S25 screenshot and behavior evidence.,Exact Appendix-A screen-index ID.
visual-kit,desktop-fit,Desktop · Fit,"WP12,WP2",reference_present_partial_candidate,flutter/lib/mobile/widgets/monitor_control_view.dart; flutter/lib/mobile/widgets/monitor_session_continuity.dart; flutter/lib/mobile/pages/target_dashboard_page.dart,Owning WP behavior tests plus WP12 visual/accessibility evidence required,desktop-fit,Functional owner supplies truthful state; WP12 cannot invent support.,Deterministic fixture plus actual S25 screenshot and behavior evidence.,Exact Appendix-A screen-index ID.
visual-kit,desktop-readable,Desktop · Readable,"WP12,WP2",reference_present_partial_candidate,flutter/lib/mobile/widgets/monitor_control_view.dart; flutter/lib/mobile/widgets/monitor_session_continuity.dart; flutter/lib/mobile/pages/target_dashboard_page.dart,Owning WP behavior tests plus WP12 visual/accessibility evidence required,desktop-readable,Functional owner supplies truthful state; WP12 cannot invent support.,Deterministic fixture plus actual S25 screenshot and behavior evidence.,Exact Appendix-A screen-index ID.
visual-kit,desktop-portrait,Desktop · Portrait,"WP12,WP2",reference_present_partial_candidate,flutter/lib/mobile/widgets/monitor_control_view.dart; flutter/lib/mobile/widgets/monitor_session_continuity.dart; flutter/lib/mobile/pages/target_dashboard_page.dart,Owning WP behavior tests plus WP12 visual/accessibility evidence required,desktop-portrait,Functional owner supplies truthful state; WP12 cannot invent support.,Deterministic fixture plus actual S25 screenshot and behavior evidence.,Exact Appendix-A screen-index ID.
visual-kit,precision,Desktop · Precision,"WP12,WP2",reference_present_partial_candidate,flutter/lib/mobile/widgets/monitor_control_view.dart; flutter/lib/mobile/widgets/monitor_session_continuity.dart; flutter/lib/mobile/pages/target_dashboard_page.dart,Owning WP behavior tests plus WP12 visual/accessibility evidence required,precision,Functional owner supplies truthful state; WP12 cannot invent support.,Deterministic fixture plus actual S25 screenshot and behavior evidence.,Exact Appendix-A screen-index ID.
visual-kit,keys,Keyboard · Keys,"WP12,WP2",reference_present_partial_candidate,flutter/lib/mobile/widgets/monitor_control_view.dart; flutter/lib/mobile/widgets/monitor_session_continuity.dart; flutter/lib/mobile/pages/target_dashboard_page.dart,Owning WP behavior tests plus WP12 visual/accessibility evidence required,keys,Functional owner supplies truthful state; WP12 cannot invent support.,Deterministic fixture plus actual S25 screenshot and behavior evidence.,Exact Appendix-A screen-index ID.
visual-kit,text-compose,Keyboard · Text compose,"WP12,WP2, WP5, WP6",reference_present_partial_candidate,flutter/lib/mobile/widgets/monitor_control_view.dart; flutter/lib/mobile/widgets/monitor_session_continuity.dart; flutter/lib/mobile/pages/target_dashboard_page.dart,Owning WP behavior tests plus WP12 visual/accessibility evidence required,text-compose,Functional owner supplies truthful state; WP12 cannot invent support.,Deterministic fixture plus actual S25 screenshot and behavior evidence.,Exact Appendix-A screen-index ID.
visual-kit,session-controls,Session controls,"WP12,WP1, WP2, WP11",reference_present_partial_candidate,flutter/lib/mobile/widgets/monitor_control_view.dart; flutter/lib/mobile/widgets/monitor_session_continuity.dart; flutter/lib/mobile/pages/target_dashboard_page.dart,Owning WP behavior tests plus WP12 visual/accessibility evidence required,session-controls,Functional owner supplies truthful state; WP12 cannot invent support.,Deterministic fixture plus actual S25 screenshot and behavior evidence.,Exact Appendix-A screen-index ID.
visual-kit,emulator,BlueStacks · Resume,"WP12,WP5",reference_present_partial_candidate,flutter/lib/mobile/pages/emulator_page.dart; flutter/lib/models/emulator_model.dart; flutter/lib/models/bluestacks_model.dart; src/client/emulator.rs; src/server/emulator/,Owning WP behavior tests plus WP12 visual/accessibility evidence required,emulator,Functional owner supplies truthful state; WP12 cannot invent support.,Deterministic fixture plus actual S25 screenshot and behavior evidence.,Exact Appendix-A screen-index ID.
visual-kit,emulator-starting,BlueStacks · Starting,"WP12,WP5",reference_present_partial_candidate,flutter/lib/mobile/pages/emulator_page.dart; flutter/lib/models/emulator_model.dart; flutter/lib/models/bluestacks_model.dart; src/client/emulator.rs; src/server/emulator/,Owning WP behavior tests plus WP12 visual/accessibility evidence required,emulator-starting,Functional owner supplies truthful state; WP12 cannot invent support.,Deterministic fixture plus actual S25 screenshot and behavior evidence.,Exact Appendix-A screen-index ID.
visual-kit,emulator-launch,BlueStacks · Launch game,"WP12,WP5",reference_present_partial_candidate,flutter/lib/mobile/pages/emulator_page.dart; flutter/lib/models/emulator_model.dart; flutter/lib/models/bluestacks_model.dart; src/client/emulator.rs; src/server/emulator/,Owning WP behavior tests plus WP12 visual/accessibility evidence required,emulator-launch,Functional owner supplies truthful state; WP12 cannot invent support.,Deterministic fixture plus actual S25 screenshot and behavior evidence.,Exact Appendix-A screen-index ID.
visual-kit,system,System · Processes,"WP12,WP8",reference_present_partial_candidate,flutter/lib/mobile/pages/host_management_page.dart; flutter/lib/models/host_management_model.dart; src/server/emulator/host_management.rs,Owning WP behavior tests plus WP12 visual/accessibility evidence required,system,Functional owner supplies truthful state; WP12 cannot invent support.,Deterministic fixture plus actual S25 screenshot and behavior evidence.,Exact Appendix-A screen-index ID.
visual-kit,end-task,System · End task,"WP12,WP8",reference_present_partial_candidate,flutter/lib/mobile/pages/host_management_page.dart; flutter/lib/models/host_management_model.dart; src/server/emulator/host_management.rs,Owning WP behavior tests plus WP12 visual/accessibility evidence required,end-task,Functional owner supplies truthful state; WP12 cannot invent support.,Deterministic fixture plus actual S25 screenshot and behavior evidence.,Exact Appendix-A screen-index ID.
visual-kit,files,Files · Browse,"WP12,WP7",reference_present_partial_candidate,flutter/lib/mobile/pages/file_manager_page.dart,Owning WP behavior tests plus WP12 visual/accessibility evidence required,files,Functional owner supplies truthful state; WP12 cannot invent support.,Deterministic fixture plus actual S25 screenshot and behavior evidence.,Exact Appendix-A screen-index ID.
visual-kit,file-destination,Files · Destination,"WP12,WP7",reference_present_partial_candidate,flutter/lib/mobile/pages/file_manager_page.dart,Owning WP behavior tests plus WP12 visual/accessibility evidence required,file-destination,Functional owner supplies truthful state; WP12 cannot invent support.,Deterministic fixture plus actual S25 screenshot and behavior evidence.,Exact Appendix-A screen-index ID.
visual-kit,file-conflict,Files · Conflict,"WP12,WP7",reference_present_partial_candidate,flutter/lib/mobile/pages/file_manager_page.dart,Owning WP behavior tests plus WP12 visual/accessibility evidence required,file-conflict,Functional owner supplies truthful state; WP12 cannot invent support.,Deterministic fixture plus actual S25 screenshot and behavior evidence.,Exact Appendix-A screen-index ID.
visual-kit,transfers,Files · Transfers,"WP12,WP7",reference_present_partial_candidate,flutter/lib/mobile/pages/file_manager_page.dart,Owning WP behavior tests plus WP12 visual/accessibility evidence required,transfers,Functional owner supplies truthful state; WP12 cannot invent support.,Deterministic fixture plus actual S25 screenshot and behavior evidence.,Exact Appendix-A screen-index ID.
visual-kit,shell,Shell · Keyboard open,"WP12,WP6",reference_present_partial_candidate,flutter/lib/mobile/pages/terminal_page.dart; flutter/lib/models/terminal_model.dart; src/server/terminal_service.rs; src/server/terminal_helper.rs,Owning WP behavior tests plus WP12 visual/accessibility evidence required,shell,Functional owner supplies truthful state; WP12 cannot invent support.,Deterministic fixture plus actual S25 screenshot and behavior evidence.,Exact Appendix-A screen-index ID.
visual-kit,codex,Codex · Tasks,"WP12,WP3, WP4",reference_present_partial_candidate,flutter/lib/mobile/pages/codex_page.dart; flutter/lib/models/codex_model.dart; src/server/codex/,Owning WP behavior tests plus WP12 visual/accessibility evidence required,codex,Functional owner supplies truthful state; WP12 cannot invent support.,Deterministic fixture plus actual S25 screenshot and behavior evidence.,Exact Appendix-A screen-index ID.
visual-kit,codex-conversation,Codex · Conversation,"WP12,WP3, WP4",reference_present_partial_candidate,flutter/lib/mobile/pages/codex_page.dart; flutter/lib/models/codex_model.dart; src/server/codex/,Owning WP behavior tests plus WP12 visual/accessibility evidence required,codex-conversation,Functional owner supplies truthful state; WP12 cannot invent support.,Deterministic fixture plus actual S25 screenshot and behavior evidence.,Exact Appendix-A screen-index ID.
visual-kit,codex-review,Codex · Diff review,"WP12,WP4",reference_present_partial_candidate,flutter/lib/mobile/pages/codex_page.dart; flutter/lib/models/codex_model.dart; src/server/codex/,Owning WP behavior tests plus WP12 visual/accessibility evidence required,codex-review,Functional owner supplies truthful state; WP12 cannot invent support.,Deterministic fixture plus actual S25 screenshot and behavior evidence.,Exact Appendix-A screen-index ID.
visual-kit,codex-approval,Codex · Approval,"WP12,WP3",reference_present_partial_candidate,flutter/lib/mobile/pages/codex_page.dart; flutter/lib/models/codex_model.dart; src/server/codex/,Owning WP behavior tests plus WP12 visual/accessibility evidence required,codex-approval,Functional owner supplies truthful state; WP12 cannot invent support.,Deterministic fixture plus actual S25 screenshot and behavior evidence.,Exact Appendix-A screen-index ID.
visual-kit,codex-new,Codex · New task,"WP12,WP4",reference_present_partial_candidate,flutter/lib/mobile/pages/codex_page.dart; flutter/lib/models/codex_model.dart; src/server/codex/,Owning WP behavior tests plus WP12 visual/accessibility evidence required,codex-new,Functional owner supplies truthful state; WP12 cannot invent support.,Deterministic fixture plus actual S25 screenshot and behavior evidence.,Exact Appendix-A screen-index ID.
visual-kit,codex-workspace,Codex · Workspace picker,"WP12,WP4",reference_present_partial_candidate,flutter/lib/mobile/pages/codex_page.dart; flutter/lib/models/codex_model.dart; src/server/codex/,Owning WP behavior tests plus WP12 visual/accessibility evidence required,codex-workspace,Functional owner supplies truthful state; WP12 cannot invent support.,Deterministic fixture plus actual S25 screenshot and behavior evidence.,Exact Appendix-A screen-index ID.
visual-kit,codex-history,Codex · Desktop history,"WP12,WP3",reference_present_partial_candidate,flutter/lib/mobile/pages/codex_page.dart; flutter/lib/models/codex_model.dart; src/server/codex/,Owning WP behavior tests plus WP12 visual/accessibility evidence required,codex-history,Functional owner supplies truthful state; WP12 cannot invent support.,Deterministic fixture plus actual S25 screenshot and behavior evidence.,Exact Appendix-A screen-index ID.
visual-kit,codex-send,Codex · Send or steer,"WP12,WP3, WP4",reference_present_partial_candidate,flutter/lib/mobile/pages/codex_page.dart; flutter/lib/models/codex_model.dart; src/server/codex/,Owning WP behavior tests plus WP12 visual/accessibility evidence required,codex-send,Functional owner supplies truthful state; WP12 cannot invent support.,Deterministic fixture plus actual S25 screenshot and behavior evidence.,Exact Appendix-A screen-index ID.
visual-kit,codex-manual,Codex · Manual action,"WP12,WP3",reference_present_partial_candidate,flutter/lib/mobile/pages/codex_page.dart; flutter/lib/models/codex_model.dart; src/server/codex/,Owning WP behavior tests plus WP12 visual/accessibility evidence required,codex-manual,Functional owner supplies truthful state; WP12 cannot invent support.,Deterministic fixture plus actual S25 screenshot and behavior evidence.,Exact Appendix-A screen-index ID.
visual-kit,settings,Settings,"WP12,WP1, WP2",reference_present_partial_candidate,flutter/lib/mobile/pages/settings_page.dart,Owning WP behavior tests plus WP12 visual/accessibility evidence required,settings,Functional owner supplies truthful state; WP12 cannot invent support.,Deterministic fixture plus actual S25 screenshot and behavior evidence.,Exact Appendix-A screen-index ID.
visual-kit,input-guide,Input · Per target,"WP12,WP2, WP5",reference_present_partial_candidate,flutter/lib/mobile/widgets/monitor_control_view.dart; flutter/lib/mobile/widgets/monitor_session_continuity.dart; flutter/lib/mobile/pages/target_dashboard_page.dart,Owning WP behavior tests plus WP12 visual/accessibility evidence required,input-guide,Functional owner supplies truthful state; WP12 cannot invent support.,Deterministic fixture plus actual S25 screenshot and behavior evidence.,Exact Appendix-A screen-index ID.
visual-kit,quality,Stream quality,"WP12,WP1, WP2, WP14",reference_present_partial_candidate,flutter/lib/mobile/widgets/session_quality_panel.dart; flutter/lib/mobile/widgets/monitor_session_continuity.dart,Owning WP behavior tests plus WP12 visual/accessibility evidence required,quality,Functional owner supplies truthful state; WP12 cannot invent support.,Deterministic fixture plus actual S25 screenshot and behavior evidence.,Exact Appendix-A screen-index ID.
visual-kit,reconnect,Reconnect · Input paused,"WP12,WP2, WP3",reference_present_partial_candidate,flutter/lib/mobile/widgets/monitor_control_view.dart; flutter/lib/mobile/widgets/monitor_session_continuity.dart; flutter/lib/mobile/pages/target_dashboard_page.dart,Owning WP behavior tests plus WP12 visual/accessibility evidence required,reconnect,Functional owner supplies truthful state; WP12 cannot invent support.,Deterministic fixture plus actual S25 screenshot and behavior evidence.,Exact Appendix-A screen-index ID.
visual-kit,phone-workspace,Phone Workspace,"WP12,WP10",reference_present_partial_candidate,src/virtual_display_manager.rs; src/server/display_service.rs,Owning WP behavior tests plus WP12 visual/accessibility evidence required,phone-workspace,Functional owner supplies truthful state; WP12 cannot invent support.,Deterministic fixture plus actual S25 screenshot and behavior evidence.,Exact Appendix-A screen-index ID.
visual-kit,clipboard,Clipboard & view only,"WP12,WP6",reference_present_partial_candidate,src/clipboard.rs; src/server/clipboard_service.rs,Owning WP behavior tests plus WP12 visual/accessibility evidence required,clipboard,Functional owner supplies truthful state; WP12 cannot invent support.,Deterministic fixture plus actual S25 screenshot and behavior evidence.,Exact Appendix-A screen-index ID.
visual-kit,privacy,Privacy & host controls,"WP12,WP11",source_widget_verified_visual_pending,src/privacy_mode.rs; src/privacy_mode/; src/platform/windows.rs; flutter/lib/mobile/widgets/privacy_controls_sheet.dart,target_dashboard_test.dart plus WP12 visual/accessibility evidence required,privacy,"WP11 supplies truthful separated state and pending/unknown copy; WP12 still owns reference alignment, accessibility and device layout proof.",Deterministic fixture plus actual S25 screenshot and behavior evidence.,Exact Appendix-A screen-index ID.
visual-kit,notifications,Task notifications,"WP12,WP13",source_unit_verified_runtime_pending,flutter/lib/models/task_notification_policy.dart; flutter/lib/models/codex_model.dart; flutter/lib/mobile/pages/codex_page.dart; flutter/lib/common.dart; flutter/lib/mobile/pages/remote_page.dart; flutter/lib/mobile/pages/target_dashboard_page.dart; flutter/android/app/src/main/kotlin/com/carriez/flutter_hbb/MainActivity.kt,flutter/test/remote_conformance/task_notification_test.dart; flutter/test/codex_model_test.dart,notifications,"Opt-in only; actionable approval/review-ready/failure events are deduplicated; lockscreen detail is private by default; stale task deep links fall back safely; in-app Codex does not depend on notifications.","Five named WP13 policy tests and CodexModel notification integration tests pass; Android Kotlin compiles. Physical S25 permission/revocation/background/process-recreation/lockscreen/deep-link evidence remains pending.",Exact Appendix-A screen-index ID; source/unit behavior verified, runtime/visual acceptance still open.
visual-kit,components,Reusable components,WP12,reference_present_partial_candidate,flutter/lib/mobile/widgets/mirpg_remote_theme.dart; shared mobile widgets,Owning WP behavior tests plus WP12 visual/accessibility evidence required,components,Functional owner supplies truthful state; WP12 cannot invent support.,Deterministic fixture plus actual S25 screenshot and behavior evidence.,Exact Appendix-A screen-index ID.
supplementary,supp-window-picker,Window picker unpictured workflow,"WP9,WP12",source_unit_verified_runtime_pending,src/server/emulator/window_picker.rs; src/server/emulator/host_management.rs; src/server/emulator/remote.rs; src/server/emulator/remote_windows.rs; flutter/lib/mobile/widgets/window_picker_sheet.dart; flutter/lib/mobile/widgets/monitor_control_view.dart,flutter/test/remote_conformance/window_picker_test.dart; flutter/test/monitor_control_view_test.dart,supp-window-picker,Opaque host-issued IDs; scoped generation/layout identity; minimized normal bounds; exact acknowledged focus; no raw HWND exposure or forced activation fallback.,"WP9 source/unit gate recorded in docs/remote/release-evidence.md; matched physical host/phone and WP12 visual states remain required.",Required unpictured workflow; not an original N/S ID.
supplementary,supp-system-stale,System stale/unavailable state,"WP8,WP12",unverified,flutter/lib/mobile/pages/host_management_page.dart; flutter/lib/models/host_management_model.dart; src/server/emulator/host_management.rs,WP8 freshness/stale/unavailable tests,supp-system-stale,Measured timestamps/freshness only,"Focused automated checks, Windows host behavior, Galaxy S25 Ultra interaction/screenshot evidence where applicable, and exact source/artifact hashes at WP14.",Required unpictured workflow; not an original N/S ID.
supplementary,supp-safe-paste,Shell safe paste preview,"WP6,WP12",unverified,flutter/lib/mobile/pages/terminal_page.dart; flutter/lib/models/terminal_model.dart; src/server/terminal_service.rs; src/server/terminal_helper.rs,WP6 multiline/control paste preview and no-auto-execute tests,supp-safe-paste,Terminal authorization remains authoritative,"Focused automated checks, Windows host behavior, Galaxy S25 Ultra interaction/screenshot evidence where applicable, and exact source/artifact hashes at WP14.",Required unpictured workflow; not an original N/S ID.
gateway,gateway-services-entry,Services Entry,"WP15,WP12",partial_candidate,src/server/emulator/gateway_management.rs; src/server/emulator/host_management.rs; flutter/lib/models/host_management_model.dart; flutter/lib/models/emulator_model.dart; flutter/lib/mobile/widgets/gateway_management_panel.dart; tools/marquee-gateway-runtime/runtime_manager.py; tools/marquee-gateway-runtime/runtime_configuration.py,Rust gateway_management/host_management tests; Flutter emulator_model/host_capability_ui tests; Gateway internal/setup local-management tests,gateway-services-entry,Reuse actual Python supervisor and IMDb provider logic; separate management authority; no fake TMDB/TVDB.,Source/unit/widget evidence verified 2026-10-06; live supervisor deployment/restart and S25 loading/stale/error/restart/setup evidence remain pending.,"System Services row with name, measured state, freshness and clear Gateway entry"
gateway,gateway-status,Status,"WP15,WP12",partial_candidate,src/server/emulator/gateway_management.rs; src/server/emulator/host_management.rs; flutter/lib/models/host_management_model.dart; flutter/lib/models/emulator_model.dart; flutter/lib/mobile/widgets/gateway_management_panel.dart; tools/marquee-gateway-runtime/runtime_manager.py; tools/marquee-gateway-runtime/runtime_configuration.py,Rust gateway_management/host_management tests; Flutter emulator_model/host_capability_ui tests; Gateway internal/setup local-management tests,gateway-status,Reuse actual Python supervisor and IMDb provider logic; separate management authority; no fake TMDB/TVDB.,Source/unit/widget evidence verified 2026-10-06; live supervisor deployment/restart and S25 loading/stale/error/restart/setup evidence remain pending.,"Native status overview, version/readiness/Silo/capacity/provider summary; clear Setup, Providers and Restart actions"
gateway,gateway-loading,Loading,"WP15,WP12",partial_candidate,src/server/emulator/gateway_management.rs; src/server/emulator/host_management.rs; flutter/lib/models/host_management_model.dart; flutter/lib/models/emulator_model.dart; flutter/lib/mobile/widgets/gateway_management_panel.dart; tools/marquee-gateway-runtime/runtime_manager.py; tools/marquee-gateway-runtime/runtime_configuration.py,Rust gateway_management/host_management tests; Flutter emulator_model/host_capability_ui tests; Gateway internal/setup local-management tests,gateway-loading,Reuse actual Python supervisor and IMDb provider logic; separate management authority; no fake TMDB/TVDB.,Source/unit/widget evidence verified 2026-10-06; live supervisor deployment/restart and S25 loading/stale/error/restart/setup evidence remain pending.,Loading state without invented values or disabled-looking success
gateway,gateway-stale,Stale,"WP15,WP12",partial_candidate,src/server/emulator/gateway_management.rs; src/server/emulator/host_management.rs; flutter/lib/models/host_management_model.dart; flutter/lib/models/emulator_model.dart; flutter/lib/mobile/widgets/gateway_management_panel.dart; tools/marquee-gateway-runtime/runtime_manager.py; tools/marquee-gateway-runtime/runtime_configuration.py,Rust gateway_management/host_management tests; Flutter emulator_model/host_capability_ui tests; Gateway internal/setup local-management tests,gateway-stale,Reuse actual Python supervisor and IMDb provider logic; separate management authority; no fake TMDB/TVDB.,Source/unit/widget evidence verified 2026-10-06; live supervisor deployment/restart and S25 loading/stale/error/restart/setup evidence remain pending.,Retained measurements labeled with age; stale values cannot silently authorize restart impact
gateway,gateway-unreachable,Unreachable,"WP15,WP12",partial_candidate,src/server/emulator/gateway_management.rs; src/server/emulator/host_management.rs; flutter/lib/models/host_management_model.dart; flutter/lib/models/emulator_model.dart; flutter/lib/mobile/widgets/gateway_management_panel.dart; tools/marquee-gateway-runtime/runtime_manager.py; tools/marquee-gateway-runtime/runtime_configuration.py,Rust gateway_management/host_management tests; Flutter emulator_model/host_capability_ui tests; Gateway internal/setup local-management tests,gateway-unreachable,Reuse actual Python supervisor and IMDb provider logic; separate management authority; no fake TMDB/TVDB.,Source/unit/widget evidence verified 2026-10-06; live supervisor deployment/restart and S25 loading/stale/error/restart/setup evidence remain pending.,Reachability error distinguished from verified stopped state; scoped recheck and recovery
gateway,gateway-setup-panel,Setup Panel,"WP15,WP12",partial_candidate,src/server/emulator/gateway_management.rs; src/server/emulator/host_management.rs; flutter/lib/models/host_management_model.dart; flutter/lib/models/emulator_model.dart; flutter/lib/mobile/widgets/gateway_management_panel.dart; tools/marquee-gateway-runtime/runtime_manager.py; tools/marquee-gateway-runtime/runtime_configuration.py,Rust gateway_management/host_management tests; Flutter emulator_model/host_capability_ui tests; Gateway internal/setup local-management tests,gateway-setup-panel,Reuse actual Python supervisor and IMDb provider logic; separate management authority; no fake TMDB/TVDB.,Source/unit/widget evidence verified 2026-10-06; live supervisor deployment/restart and S25 loading/stale/error/restart/setup evidence remain pending.,"Native readiness summary and explicit Open setup on Windows action, describing remote-browser continuation"
gateway,gateway-setup-handoff,Setup Handoff,"WP15,WP12",partial_candidate,src/server/emulator/gateway_management.rs; src/server/emulator/host_management.rs; flutter/lib/models/host_management_model.dart; flutter/lib/models/emulator_model.dart; flutter/lib/mobile/widgets/gateway_management_panel.dart; tools/marquee-gateway-runtime/runtime_manager.py; tools/marquee-gateway-runtime/runtime_configuration.py,Rust gateway_management/host_management tests; Flutter emulator_model/host_capability_ui tests; Gateway internal/setup local-management tests,gateway-setup-handoff,Reuse actual Python supervisor and IMDb provider logic; separate management authority; no fake TMDB/TVDB.,Source/unit/widget evidence verified 2026-10-06; live supervisor deployment/restart and S25 loading/stale/error/restart/setup evidence remain pending.,Pending/opened/failed/expired variants; recheck setup result without claiming browser-open means configured
gateway,gateway-restart-confirm,Restart Confirm,"WP15,WP12",partial_candidate,src/server/emulator/gateway_management.rs; src/server/emulator/host_management.rs; flutter/lib/models/host_management_model.dart; flutter/lib/models/emulator_model.dart; flutter/lib/mobile/widgets/gateway_management_panel.dart; tools/marquee-gateway-runtime/runtime_manager.py; tools/marquee-gateway-runtime/runtime_configuration.py,Rust gateway_management/host_management tests; Flutter emulator_model/host_capability_ui tests; Gateway internal/setup local-management tests,gateway-restart-confirm,Reuse actual Python supervisor and IMDb provider logic; separate management authority; no fake TMDB/TVDB.,Source/unit/widget evidence verified 2026-10-06; live supervisor deployment/restart and S25 loading/stale/error/restart/setup evidence remain pending.,"Exact owned Gateway, interruption explanation, active-session count and age or unknown impact; cancel/confirm"
gateway,gateway-restart-progress,Restart Progress,"WP15,WP12",partial_candidate,src/server/emulator/gateway_management.rs; src/server/emulator/host_management.rs; flutter/lib/models/host_management_model.dart; flutter/lib/models/emulator_model.dart; flutter/lib/mobile/widgets/gateway_management_panel.dart; tools/marquee-gateway-runtime/runtime_manager.py; tools/marquee-gateway-runtime/runtime_configuration.py,Rust gateway_management/host_management tests; Flutter emulator_model/host_capability_ui tests; Gateway internal/setup local-management tests,gateway-restart-progress,Reuse actual Python supervisor and IMDb provider logic; separate management authority; no fake TMDB/TVDB.,Source/unit/widget evidence verified 2026-10-06; live supervisor deployment/restart and S25 loading/stale/error/restart/setup evidence remain pending.,Evidence-backed stopping/starting/readiness states; no fabricated progress percentage
gateway,gateway-restart-result,Restart Result,"WP15,WP12",partial_candidate,src/server/emulator/gateway_management.rs; src/server/emulator/host_management.rs; flutter/lib/models/host_management_model.dart; flutter/lib/models/emulator_model.dart; flutter/lib/mobile/widgets/gateway_management_panel.dart; tools/marquee-gateway-runtime/runtime_manager.py; tools/marquee-gateway-runtime/runtime_configuration.py,Rust gateway_management/host_management tests; Flutter emulator_model/host_capability_ui tests; Gateway internal/setup local-management tests,gateway-restart-result,Reuse actual Python supervisor and IMDb provider logic; separate management authority; no fake TMDB/TVDB.,Source/unit/widget evidence verified 2026-10-06; live supervisor deployment/restart and S25 loading/stale/error/restart/setup evidence remain pending.,"Verified success, failure and unknown-outcome variants; safe reconciliation before retry"
gateway,gateway-providers,Providers,"WP15,WP12",partial_candidate,src/server/emulator/gateway_management.rs; src/server/emulator/host_management.rs; flutter/lib/models/host_management_model.dart; flutter/lib/models/emulator_model.dart; flutter/lib/mobile/widgets/gateway_management_panel.dart; tools/marquee-gateway-runtime/runtime_manager.py; tools/marquee-gateway-runtime/runtime_configuration.py,Rust gateway_management/host_management tests; Flutter emulator_model/host_capability_ui tests; Gateway internal/setup local-management tests,gateway-providers,Reuse actual Python supervisor and IMDb provider logic; separate management authority; no fake TMDB/TVDB.,Source/unit/widget evidence verified 2026-10-06; live supervisor deployment/restart and S25 loading/stale/error/restart/setup evidence remain pending.,IMDb enabled/state/cache freshness/refresh status; capability and missing-data treatment
gateway,gateway-provider-change,Provider Change,"WP15,WP12",partial_candidate,src/server/emulator/gateway_management.rs; src/server/emulator/host_management.rs; flutter/lib/models/host_management_model.dart; flutter/lib/models/emulator_model.dart; flutter/lib/mobile/widgets/gateway_management_panel.dart; tools/marquee-gateway-runtime/runtime_manager.py; tools/marquee-gateway-runtime/runtime_configuration.py,Rust gateway_management/host_management tests; Flutter emulator_model/host_capability_ui tests; Gateway internal/setup local-management tests,gateway-provider-change,Reuse actual Python supervisor and IMDb provider logic; separate management authority; no fake TMDB/TVDB.,Source/unit/widget evidence verified 2026-10-06; live supervisor deployment/restart and S25 loading/stale/error/restart/setup evidence remain pending.,"Enable/disable pending, applied and denied/error variants; retained cache and in-flight refresh stay truthful"
gateway,gateway-provider-refresh,Provider Refresh,"WP15,WP12",partial_candidate,src/server/emulator/gateway_management.rs; src/server/emulator/host_management.rs; flutter/lib/models/host_management_model.dart; flutter/lib/models/emulator_model.dart; flutter/lib/mobile/widgets/gateway_management_panel.dart; tools/marquee-gateway-runtime/runtime_manager.py; tools/marquee-gateway-runtime/runtime_configuration.py,Rust gateway_management/host_management tests; Flutter emulator_model/host_capability_ui tests; Gateway internal/setup local-management tests,gateway-provider-refresh,Reuse actual Python supervisor and IMDb provider logic; separate management authority; no fake TMDB/TVDB.,Source/unit/widget evidence verified 2026-10-06; live supervisor deployment/restart and S25 loading/stale/error/restart/setup evidence remain pending.,Refresh pending/running/completed/error variants driven by provider status and acknowledgment
